Product,Category,Region,Price,Quantity,Month
Headphones,Accessories,South,1913,26,September
Bookshelf,Furniture,West,10719,47,February
Camera,Electronics,North,40844,33,June
Laptop,Electronics,South,58804,39,March
Chair,Furniture,North,3189,19,January
Mouse,Accessories,East,741,35,February
Tablet,Electronics,West,17696,15,March
Tablet,Electronics,East,13732,38,June
Mouse,Accessories,West,852,8,June
Keyboard,Accessories,North,1708,34,July
Smartphone,Electronics,North,22814,32,January
Mouse,Accessories,South,743,13,June
Printer,Electronics,South,20399,24,October
Mouse,Accessories,North,789,48,January
Bookshelf,Furniture,North,8104,38,May
Printer,Electronics,East,17189,25,December
Smartwatch,Electronics,West,11279,35,June
Bookshelf,Furniture,North,9105,28,January
Laptop,Electronics,South,68115,18,September
Printer,Electronics,West,19810,26,January
Chair,Furniture,South,2875,14,March
Laptop,Electronics,North,67068,45,December
Coffee Table,Furniture,West,6149,28,November
Speakers,Accessories,East,5546,32,August
Laptop,Electronics,North,54782,9,August
Smartphone,Electronics,South,22285,40,October
Keyboard,Accessories,West,1616,8,March
Bookshelf,Furniture,West,10774,33,March
Speakers,Accessories,South,5657,10,January
Mouse,Accessories,North,765,13,November
Smartphone,Electronics,East,20358,44,October
Tablet,Electronics,West,14895,49,December
Desk,Furniture,North,6827,19,August
Chair,Furniture,West,2908,31,June
Headphones,Accessories,South,2313,14,May
Desk,Furniture,East,6894,47,August
Headphones,Accessories,South,2269,8,July
Printer,Electronics,East,19284,49,April
Mouse,Accessories,East,793,34,June
Smartwatch,Electronics,West,12420,41,February
Chair,Furniture,South,3222,10,January
Headphones,Accessories,West,2167,39,June
Mouse,Accessories,West,841,26,December
Keyboard,Accessories,South,1366,21,October
Sofa,Furniture,East,26407,30,June
Laptop,Electronics,West,57709,44,August
Laptop,Electronics,East,68268,10,February
Smartwatch,Electronics,North,11406,7,August
Keyboard,Accessories,North,1429,38,January
Laptop,Electronics,East,68835,39,September
