Product,Category,Region,Price,Quantity,Month
Sneakers,Footwear,West,3025,36,May
Couch,Furniture,East,21862,15,August
Microwave,Appliances,East,10059,48,April
Belt,Accessories,North,704,21,February
Watch,Accessories,West,5402,34,March
Dining Table,Furniture,West,23396,8,June
Jacket,Clothing,South,4282,49,July
Backpack,Accessories,East,1480,40,September
T-Shirt,Clothing,North,872,47,June
Jacket,Clothing,East,4543,27,August
Dining Table,Furniture,South,18348,50,June
Couch,Furniture,South,20302,46,June
Bed,Furniture,East,35117,5,July
T-Shirt,Clothing,East,952,11,April
Sneakers,Footwear,East,3154,40,March
Backpack,Accessories,West,1723,15,August
Bed,Furniture,West,28340,6,November
Bookshelf,Furniture,East,9204,21,December
Washing Machine,Appliances,East,34324,49,April
Dining Table,Furniture,West,21686,6,February
Belt,Accessories,West,664,17,February
T-Shirt,Clothing,East,839,35,January
Couch,Furniture,West,24851,7,October
Sandals,Footwear,North,1165,43,December
Backpack,Accessories,West,1670,27,May
Couch,Furniture,West,24871,27,April
Watch,Accessories,West,4617,15,July
Bed,Furniture,North,31333,20,December
Washing Machine,Appliances,East,34684,50,July
Backpack,Accessories,East,1702,43,March
Washing Machine,Appliances,East,34052,16,March
Bed,Furniture,East,34049,41,September
Sandals,Footwear,East,1359,45,February
Microwave,Appliances,East,11562,35,February
T-Shirt,Clothing,East,957,18,August
Microwave,Appliances,East,9321,46,November
Belt,Accessories,West,747,33,January
Bed,Furniture,North,29465,31,May
Air Conditioner,Appliances,South,49139,25,May
T-Shirt,Clothing,East,927,25,April
Sandals,Footwear,South,1312,19,November
Bookshelf,Furniture,East,8187,12,January
Jeans,Clothing,East,2244,36,September
Jeans,Clothing,West,2213,13,July
Sandals,Footwear,South,1379,45,August
Bookshelf,Furniture,North,8507,33,August
Refrigerator,Appliances,East,38109,44,April
T-Shirt,Clothing,South,876,15,September
Backpack,Accessories,East,1737,26,December
Jacket,Clothing,North,4021,49,July
