Product,Category,Region,Price,Quantity,Month
Laptop,Electronics,North,60000,10,January
Smartphone,Electronics,South,20000,25,January
Tablet,Electronics,East,15000,15,February
Headphones,Accessories,West,2000,50,February
Keyboard,Accessories,North,1500,30,March
Chair,Furniture,South,3000,20,March
Desk,Furniture,East,7000,12,April
Monitor,Electronics,West,12000,18,April
Printer,Electronics,North,10000,10,May
Mouse,Accessories,South,800,60,May
Lamp,Furniture,East,2500,25,June
Camera,Electronics,West,35000,8,June
Speaker,Accessories,North,5000,15,July
Notebook,Stationery,South,100,100,July
Pen,Stationery,East,50,200,August
Bag,Accessories,West,1500,40,August
Table,Furniture,North,8000,10,September
Smartwatch,Electronics,South,10000,12,September
Chair Cushion,Furniture,East,1200,30,October
Earphones,Accessories,West,1500,35,October
