order_id,product_name,product_type,location,unit_cost,units_sold,discount,month_name,customer_id
1001,Laptop,Electronics,North,600,5,0.05,January,C001
1002,Smartphone,Electronics,East,400,8,0.1,January,C002
1003,Headphones,Accessories,West,50,20,0.0,February,C003
1004,Tablet,Electronics,South,250,10,0.15,February,C004
1005,Office Chair,Furniture,North,120,7,0.05,March,C005
1006,Desk,Furniture,East,200,4,0.0,March,C006
1007,Monitor,Electronics,West,180,6,0.2,April,C007
1008,Printer,Electronics,South,150,3,0.1,April,C008
1009,Notebook,Stationery,North,5,100,0.0,May,C009
1010,Pen,Stationery,East,1,300,0.0,May,C010
